{
	"pattrstorage" : 	{
		"name" : "u816004325",
		"slots" : 		{
			"1" : 			{
				"id" : 1,
				"data" : 				{
					"jsonfile" : [ 5 ],
					"FONT::velocity" : [ 254 ],
					"FONT::deltadelayfonts" : [ 160 ],
					"FONT::Pressio-LFOs::wave" : [ 0 ],
					"FONT::Pressio-LFOs::phr" : [ 40.0 ],
					"FONT::Pressio-LFOs::phq" : [ 0 ],
					"FONT::Pressio-LFOs::phm" : [ 40 ],
					"FONT::Pressio-LFOs::pow" : [ 1.0 ],
					"FONT::Pressio-LFOs::Q" : [ 0 ],
					"FONT::Pressio-LFOs::easing" : [ 1.0 ],
					"FONT::Pressio-LFOs::scale" : [ 1.0 ],
					"FONT::Pressio-LFOs::offs" : [ 0.0 ],
					"FONT::Pressio-LFOs::rot" : [ 0 ],
					"FONT::Pressio-LFOs::tension" : [ 1.0 ],
					"FONT::Pressio-LFOs::lfo_on" : [ 1 ],
					"FONT::Pressio-LFOs::index" : [ 1, 2, 3, 4, 5, 6, 7, 8, 9, 10, 11, 12, 13, 14, 15, 16, 17, 18, 19, 20, 21, 22, 23, 24, 25, 26, 27, 28, 29, 30, 31, 32, 33, 34, 35, 36, 37, 38, 39, 40 ],
					"FONT::Pressio-LFOs::invert" : [ 0, 0, 0, 0, 0, 0, 0, 0, 0, 0, 0, 0, 0, 0, 0, 0, 0, 0, 0, 0, 0, 0, 0, 0, 0, 0, 0, 0, 0, 0, 0, 0, 0, 0, 0, 0, 0, 0, 0, 0 ],
					"FONT::Pressio-LFOs::amp" : [ 1.0, 1.0, 1.0, 1.0, 1.0, 1.0, 1.0, 1.0, 1.0, 1.0, 1.0, 1.0, 1.0, 1.0, 1.0, 1.0, 1.0, 1.0, 1.0, 1.0, 1.0, 1.0, 1.0, 1.0, 1.0, 1.0, 1.0, 1.0, 1.0, 1.0, 1.0, 1.0, 1.0, 1.0, 1.0, 1.0, 1.0, 1.0, 1.0, 1.0 ],
					"FONT::Pressio-LFOs::beatsrot" : [ 4.0 ],
					"FONT::Pressio-LFOs::rotlfoon" : [ 0 ],
					"FONT::Pressio-LFOs::loop" : [ 1 ],
					"FONT::Pressio-LFOs::beats" : [ 2.0 ],
					"FONT::Pressio-LFOs::phs" : [ 1.0 ],
					"FONT::Pressio-LFOs::bounce" : [ 0 ],
					"FONT::Pressio-LFOs::clipping" : [ 1.0 ],
					"FONT::Pressio-LFOs::waveform" : [ 0.61816, 0.540703, 0.462244, 0.384715, 0.310025, 0.240012, 0.176401, 0.120759, 0.074454, 0.038628, 0.014162, 0.001659, 0.001428, 0.013472, 0.037497, 0.072909, 0.118839, 0.174153, 0.237491, 0.307293, 0.38184, 0.459297, 0.537756, 0.615285, 0.689975, 0.759988, 0.823599, 0.879241, 0.925546, 0.961372, 0.985838, 0.99834, 0.998572, 0.986528, 0.962503, 0.927091, 0.881161, 0.825847, 0.762509, 0.692707 ],
					"FONT::Angle-LFOs::wave" : [ 3 ],
					"FONT::Angle-LFOs::phr" : [ 40.0 ],
					"FONT::Angle-LFOs::phq" : [ 0 ],
					"FONT::Angle-LFOs::phm" : [ 40 ],
					"FONT::Angle-LFOs::pow" : [ 0.5 ],
					"FONT::Angle-LFOs::Q" : [ 0 ],
					"FONT::Angle-LFOs::easing" : [ 0.0 ],
					"FONT::Angle-LFOs::scale" : [ 1.0 ],
					"FONT::Angle-LFOs::offs" : [ 0.0 ],
					"FONT::Angle-LFOs::rot" : [ 0 ],
					"FONT::Angle-LFOs::lfo_on" : [ 0 ],
					"FONT::Angle-LFOs::index" : [ 1, 2, 3, 4, 5, 6, 7, 8, 9, 10, 11, 12, 13, 14, 15, 16, 17, 18, 19, 20, 21, 22, 23, 24, 25, 26, 27, 28, 29, 30, 31, 32, 33, 34, 35, 36, 37, 38, 39, 40 ],
					"FONT::Angle-LFOs::invert" : [ 0, 0, 0, 0, 0, 0, 0, 0, 0, 0, 0, 0, 0, 0, 0, 0, 0, 0, 0, 0, 0, 0, 0, 0, 0, 0, 0, 0, 0, 0, 0, 0, 0, 0, 0, 0, 0, 0, 0, 0 ],
					"FONT::Angle-LFOs::amp" : [ 1.0, 1.0, 1.0, 1.0, 1.0, 1.0, 1.0, 1.0, 1.0, 1.0, 1.0, 1.0, 1.0, 1.0, 1.0, 1.0, 1.0, 1.0, 1.0, 1.0, 1.0, 1.0, 1.0, 1.0, 1.0, 1.0, 1.0, 1.0, 1.0, 1.0, 1.0, 1.0, 1.0, 1.0, 1.0, 1.0, 1.0, 1.0, 1.0, 1.0 ],
					"FONT::Angle-LFOs::beatsrot" : [ 4.0 ],
					"FONT::Angle-LFOs::rotlfoon" : [ 0 ],
					"FONT::Angle-LFOs::loop" : [ 1 ],
					"FONT::Angle-LFOs::beats" : [ 2.0 ],
					"FONT::Angle-LFOs::phs" : [ 1.62 ],
					"FONT::Angle-LFOs::bounce" : [ 0 ],
					"FONT::Angle-LFOs::clipping" : [ 1.0 ],
					"FONT::Angle-LFOs::waveform" : [ 0.0, 1.0, 1.0, 0.0, 0.0, 1.0, 1.0, 0.0, 0.0, 1.0, 1.0, 0.0, 0.0, 1.0, 1.0, 0.0, 0.0, 1.0, 1.0, 0.0, 0.0, 1.0, 1.0, 0.0, 0.0, 1.0, 1.0, 0.0, 0.0, 1.0, 1.0, 0.0, 0.0, 1.0, 1.0, 0.0, 0.0, 1.0, 1.0, 0.0 ],
					"FONT::Color40::col1" : [ 1.0, 0.087545, 0.087545, 1.0, 0.0, 1.0, 0.543773 ],
					"FONT::Color40::col2" : [ 0.041067, 0.0, 0.966274, 1.0, 0.67375, 1.0, 0.483137 ],
					"FONT::Color40::colmix" : [ 0.0 ],
					"FONT::Color40::hue" : [ 0.0 ],
					"FONT::Color40::linear_rad" : [ 1 ],
					"FONT::Color40::colorshift" : [ 160 ],
					"FONT::Color40::beatshift" : [ 4.0 ],
					"FONT::Color40::shiftlfoon" : [ 0 ],
					"FONT::Color40::beathue" : [ 4.0 ],
					"FONT::Color40::huelfoon" : [ 0 ],
					"FONT::Color40::colormode" : [ 0 ],
					"FONT::Color40::jpgfile" : [ 0 ],
					"FONT::Color40::shifton" : [ 0 ],
					"FONT::Color40::shiftempol" : [ 4.0 ],
					"FONT::Color40::tensionaudio" : [ 1.0 ],
					"FONT::Color40::clipaudio" : [ 2.0 ],
					"FONT::Color40::useaudio" : [ 0 ],
					"FONT::Color40::gradient_picker_1::r" : [ 1 ],
					"FONT::Color40::gradient_picker_1::g" : [ 1 ],
					"FONT::Color40::gradient_picker_1::b" : [ 1 ],
					"FONT::Color40::gradient_picker_2::r" : [ 1 ],
					"FONT::Color40::gradient_picker_2::g" : [ 1 ],
					"FONT::Color40::gradient_picker_2::b" : [ 1 ],
					"FONT::Dimm_C_1OSC::wave" : [ 0 ],
					"FONT::Dimm_C_1OSC::pow" : [ 1.0 ],
					"FONT::Dimm_C_1OSC::Q" : [ 0 ],
					"FONT::Dimm_C_1OSC::easing" : [ 1.0 ],
					"FONT::Dimm_C_1OSC::scale" : [ 1.0 ],
					"FONT::Dimm_C_1OSC::offs" : [ 0.0 ],
					"FONT::Dimm_C_1OSC::tension" : [ 1.0 ],
					"FONT::Dimm_C_1OSC::lfo_on" : [ 0 ],
					"FONT::Dimm_C_1OSC::waveform" : [ 0.095827 ],
					"FONT::Dimm_C_1OSC::invert" : [ 1 ],
					"FONT::Dimm_C_1OSC::loop" : [ 1 ],
					"FONT::Dimm_C_1OSC::beats" : [ -4.0 ],
					"FONT::Dimm_C_1OSC::phs" : [ 0.0 ],
					"FONT::Dimm_C_1OSC::bounce" : [ 0 ],
					"FONT::Dimm_C_1OSC::clipping" : [ 1.0 ],
					"FONT::Press_C_1OSC::wave" : [ 0 ],
					"FONT::Press_C_1OSC::pow" : [ 1.0 ],
					"FONT::Press_C_1OSC::Q" : [ 0 ],
					"FONT::Press_C_1OSC::easing" : [ 1.0 ],
					"FONT::Press_C_1OSC::scale" : [ 1.0 ],
					"FONT::Press_C_1OSC::offs" : [ 0.0 ],
					"FONT::Press_C_1OSC::tension" : [ 1.0 ],
					"FONT::Press_C_1OSC::lfo_on" : [ 0 ],
					"FONT::Press_C_1OSC::waveform" : [ 0.095827 ],
					"FONT::Press_C_1OSC::invert" : [ 1 ],
					"FONT::Press_C_1OSC::loop" : [ 1 ],
					"FONT::Press_C_1OSC::beats" : [ -4.0 ],
					"FONT::Press_C_1OSC::phs" : [ 0.0 ],
					"FONT::Press_C_1OSC::bounce" : [ 0 ],
					"FONT::Press_C_1OSC::clipping" : [ 1.0 ],
					"FONT::FOC::beats" : [ 8.0 ],
					"FONT::FOC::pwmfire" : [ 0.5 ],
					"FONT::FOC::focon" : [ 0 ],
					"FONT::HUE_DimmC::rgbfade1" : [ 0.47732, 1.0, 0.252157, 1.0, 0.283153, 1.0, 0.626078 ],
					"FONT::HUE_DimmC::beatsrot" : [ 4.0 ],
					"FONT::HUE_DimmC::rotlfoon" : [ 0 ],
					"FONT::HUE_DimmC::q" : [ 0 ],
					"FONT::HUE_DimmC::hueval" : [ 0.0 ],
					"FONT::HUE_DimmC::rgbfade2" : [ 0.029934, 1.0, 0.188942, 1.0, 0.360652, 1.0, 0.514967 ],
					"FONT::12colors_bp::col1" : [ 0.984097, 0.0, 0.0, 1.0, 0.0, 1.0, 0.492049 ],
					"FONT::12colors_bp::col2" : [ 1.0, 0.023831, 0.001362, 1.0, 0.00375, 1.0, 0.500681 ],
					"FONT::12colors_bp::colmix" : [ 0.0 ],
					"FONT::12colors_bp::hue" : [ 0.0 ],
					"FONT::12colors_bp::linear_rad" : [ 1 ],
					"FONT::12colors_bp::colorshift" : [ 0 ],
					"FONT::12colors_bp::beatshift" : [ 4.0 ],
					"FONT::12colors_bp::shiftlfoon" : [ 0 ],
					"FONT::12colors_bp::beathue" : [ 4.0 ],
					"FONT::12colors_bp::huelfoon" : [ 0 ],
					"FONT::12colors_bp::colormode" : [ 0 ],
					"FONT::12colors_bp::jpgfile" : [ 12 ],
					"FONT::12colors_bp::shifton" : [ 0 ],
					"FONT::12colors_bp::shiftempol" : [ 4.0 ],
					"FONT::12colors_bp::12COLOR-PTR" : [ -1 ],
					"FONT::12colors_bp::tensionaudio" : [ 1.0 ],
					"FONT::12colors_bp::clipaudio" : [ 1.0 ],
					"FONT::12colors_bp::useaudio" : [ 0 ],
					"FONT::12colors_bp::gradient_picker_1::r" : [ 255 ],
					"FONT::12colors_bp::gradient_picker_1::g" : [ 5 ],
					"FONT::12colors_bp::gradient_picker_1::b" : [ 0 ],
					"FONT::12colors_bp::gradient_picker_2::r" : [ 255 ],
					"FONT::12colors_bp::gradient_picker_2::g" : [ 5 ],
					"FONT::12colors_bp::gradient_picker_2::b" : [ 0 ]
				}

			}

		}

	}

}
