{
	"pattrstorage" : 	{
		"name" : "u816004325",
		"slots" : 		{
			"1" : 			{
				"id" : 1,
				"data" : 				{
					"jsonfile" : [ 5 ],
					"FONT::velocity" : [ 254 ],
					"FONT::deltadelayfonts" : [ 160 ],
					"FONT::Pressio-LFOs::wave" : [ 0 ],
					"FONT::Pressio-LFOs::phr" : [ 40.0 ],
					"FONT::Pressio-LFOs::phq" : [ 0 ],
					"FONT::Pressio-LFOs::phm" : [ 40 ],
					"FONT::Pressio-LFOs::pow" : [ 1.0 ],
					"FONT::Pressio-LFOs::Q" : [ 0 ],
					"FONT::Pressio-LFOs::easing" : [ 1.0 ],
					"FONT::Pressio-LFOs::scale" : [ 1.0 ],
					"FONT::Pressio-LFOs::offs" : [ 0.0 ],
					"FONT::Pressio-LFOs::rot" : [ 0 ],
					"FONT::Pressio-LFOs::tension" : [ 1.0 ],
					"FONT::Pressio-LFOs::lfo_on" : [ 1 ],
					"FONT::Pressio-LFOs::index" : [ 1, 2, 3, 4, 5, 6, 7, 8, 9, 10, 11, 12, 13, 14, 15, 16, 17, 18, 19, 20, 21, 22, 23, 24, 25, 26, 27, 28, 29, 30, 31, 32, 33, 34, 35, 36, 37, 38, 39, 40 ],
					"FONT::Pressio-LFOs::invert" : [ 0, 0, 0, 0, 0, 0, 0, 0, 0, 0, 0, 0, 0, 0, 0, 0, 0, 0, 0, 0, 0, 0, 0, 0, 0, 0, 0, 0, 0, 0, 0, 0, 0, 0, 0, 0, 0, 0, 0, 0 ],
					"FONT::Pressio-LFOs::amp" : [ 1.0, 1.0, 1.0, 1.0, 1.0, 1.0, 1.0, 1.0, 1.0, 1.0, 1.0, 1.0, 1.0, 1.0, 1.0, 1.0, 1.0, 1.0, 1.0, 1.0, 1.0, 1.0, 1.0, 1.0, 1.0, 1.0, 1.0, 1.0, 1.0, 1.0, 1.0, 1.0, 1.0, 1.0, 1.0, 1.0, 1.0, 1.0, 1.0, 1.0 ],
					"FONT::Pressio-LFOs::beatsrot" : [ 4.0 ],
					"FONT::Pressio-LFOs::rotlfoon" : [ 0 ],
					"FONT::Pressio-LFOs::loop" : [ 1 ],
					"FONT::Pressio-LFOs::beats" : [ 2.0 ],
					"FONT::Pressio-LFOs::phs" : [ 1.0 ],
					"FONT::Pressio-LFOs::bounce" : [ 0 ],
					"FONT::Pressio-LFOs::clipping" : [ 1.0 ],
					"FONT::Pressio-LFOs::waveform" : [ 0.859497, 0.909433, 0.949288, 0.978079, 0.995099, 0.999928, 0.992447, 0.97284, 0.941591, 0.899468, 0.847509, 0.786993, 0.71941, 0.646424, 0.569834, 0.491523, 0.413422, 0.337452, 0.265485, 0.199292, 0.140503, 0.090567, 0.050712, 0.021921, 0.004901, 0.000072, 0.007553, 0.02716, 0.058409, 0.100532, 0.152491, 0.213007, 0.28059, 0.353575, 0.430166, 0.508477, 0.586578, 0.662548, 0.734515, 0.800708 ],
					"FONT::Angle-LFOs::wave" : [ 3 ],
					"FONT::Angle-LFOs::phr" : [ 40.0 ],
					"FONT::Angle-LFOs::phq" : [ 0 ],
					"FONT::Angle-LFOs::phm" : [ 40 ],
					"FONT::Angle-LFOs::pow" : [ 0.5 ],
					"FONT::Angle-LFOs::Q" : [ 0 ],
					"FONT::Angle-LFOs::easing" : [ 0.0 ],
					"FONT::Angle-LFOs::scale" : [ 1.0 ],
					"FONT::Angle-LFOs::offs" : [ 0.0 ],
					"FONT::Angle-LFOs::rot" : [ 0 ],
					"FONT::Angle-LFOs::lfo_on" : [ 0 ],
					"FONT::Angle-LFOs::index" : [ 1, 2, 3, 4, 5, 6, 7, 8, 9, 10, 11, 12, 13, 14, 15, 16, 17, 18, 19, 20, 21, 22, 23, 24, 25, 26, 27, 28, 29, 30, 31, 32, 33, 34, 35, 36, 37, 38, 39, 40 ],
					"FONT::Angle-LFOs::invert" : [ 0, 0, 0, 0, 0, 0, 0, 0, 0, 0, 0, 0, 0, 0, 0, 0, 0, 0, 0, 0, 0, 0, 0, 0, 0, 0, 0, 0, 0, 0, 0, 0, 0, 0, 0, 0, 0, 0, 0, 0 ],
					"FONT::Angle-LFOs::amp" : [ 1.0, 1.0, 1.0, 1.0, 1.0, 1.0, 1.0, 1.0, 1.0, 1.0, 1.0, 1.0, 1.0, 1.0, 1.0, 1.0, 1.0, 1.0, 1.0, 1.0, 1.0, 1.0, 1.0, 1.0, 1.0, 1.0, 1.0, 1.0, 1.0, 1.0, 1.0, 1.0, 1.0, 1.0, 1.0, 1.0, 1.0, 1.0, 1.0, 1.0 ],
					"FONT::Angle-LFOs::beatsrot" : [ 4.0 ],
					"FONT::Angle-LFOs::rotlfoon" : [ 0 ],
					"FONT::Angle-LFOs::loop" : [ 1 ],
					"FONT::Angle-LFOs::beats" : [ 2.0 ],
					"FONT::Angle-LFOs::phs" : [ 1.62 ],
					"FONT::Angle-LFOs::bounce" : [ 0 ],
					"FONT::Angle-LFOs::clipping" : [ 1.0 ],
					"FONT::Angle-LFOs::waveform" : [ 0.0, 1.0, 1.0, 0.0, 0.0, 1.0, 1.0, 0.0, 0.0, 1.0, 1.0, 0.0, 0.0, 1.0, 1.0, 0.0, 0.0, 1.0, 1.0, 0.0, 0.0, 1.0, 1.0, 0.0, 0.0, 1.0, 1.0, 0.0, 0.0, 1.0, 1.0, 0.0, 0.0, 1.0, 1.0, 0.0, 0.0, 1.0, 1.0, 0.0 ],
					"FONT::Color40::col1" : [ 1.0, 0.087545, 0.087545, 1.0, 0.0, 1.0, 0.543773 ],
					"FONT::Color40::col2" : [ 0.041067, 0.0, 0.966274, 1.0, 0.67375, 1.0, 0.483137 ],
					"FONT::Color40::colmix" : [ 0.0 ],
					"FONT::Color40::hue" : [ 0.0 ],
					"FONT::Color40::linear_rad" : [ 1 ],
					"FONT::Color40::colorshift" : [ 160 ],
					"FONT::Color40::beatshift" : [ 4.0 ],
					"FONT::Color40::shiftlfoon" : [ 0 ],
					"FONT::Color40::beathue" : [ 4.0 ],
					"FONT::Color40::huelfoon" : [ 0 ],
					"FONT::Color40::colormode" : [ 0 ],
					"FONT::Color40::jpgfile" : [ 0 ],
					"FONT::Color40::shifton" : [ 0 ],
					"FONT::Color40::shiftempol" : [ 4.0 ],
					"FONT::Color40::tensionaudio" : [ 1.0 ],
					"FONT::Color40::clipaudio" : [ 2.0 ],
					"FONT::Color40::useaudio" : [ 0 ],
					"FONT::Color40::gradient_picker_1::r" : [ 1 ],
					"FONT::Color40::gradient_picker_1::g" : [ 1 ],
					"FONT::Color40::gradient_picker_1::b" : [ 1 ],
					"FONT::Color40::gradient_picker_2::r" : [ 1 ],
					"FONT::Color40::gradient_picker_2::g" : [ 1 ],
					"FONT::Color40::gradient_picker_2::b" : [ 1 ],
					"FONT::Dimm_C_1OSC::wave" : [ 0 ],
					"FONT::Dimm_C_1OSC::pow" : [ 1.0 ],
					"FONT::Dimm_C_1OSC::Q" : [ 0 ],
					"FONT::Dimm_C_1OSC::easing" : [ 1.0 ],
					"FONT::Dimm_C_1OSC::scale" : [ 1.0 ],
					"FONT::Dimm_C_1OSC::offs" : [ 0.0 ],
					"FONT::Dimm_C_1OSC::tension" : [ 1.0 ],
					"FONT::Dimm_C_1OSC::lfo_on" : [ 0 ],
					"FONT::Dimm_C_1OSC::waveform" : [ 0.095827 ],
					"FONT::Dimm_C_1OSC::invert" : [ 1 ],
					"FONT::Dimm_C_1OSC::loop" : [ 1 ],
					"FONT::Dimm_C_1OSC::beats" : [ -4.0 ],
					"FONT::Dimm_C_1OSC::phs" : [ 0.0 ],
					"FONT::Dimm_C_1OSC::bounce" : [ 0 ],
					"FONT::Dimm_C_1OSC::clipping" : [ 1.0 ],
					"FONT::Press_C_1OSC::wave" : [ 0 ],
					"FONT::Press_C_1OSC::pow" : [ 1.0 ],
					"FONT::Press_C_1OSC::Q" : [ 0 ],
					"FONT::Press_C_1OSC::easing" : [ 1.0 ],
					"FONT::Press_C_1OSC::scale" : [ 1.0 ],
					"FONT::Press_C_1OSC::offs" : [ 0.0 ],
					"FONT::Press_C_1OSC::tension" : [ 1.0 ],
					"FONT::Press_C_1OSC::lfo_on" : [ 0 ],
					"FONT::Press_C_1OSC::waveform" : [ 0.095827 ],
					"FONT::Press_C_1OSC::invert" : [ 1 ],
					"FONT::Press_C_1OSC::loop" : [ 1 ],
					"FONT::Press_C_1OSC::beats" : [ -4.0 ],
					"FONT::Press_C_1OSC::phs" : [ 0.0 ],
					"FONT::Press_C_1OSC::bounce" : [ 0 ],
					"FONT::Press_C_1OSC::clipping" : [ 1.0 ],
					"FONT::FOC::beats" : [ 8.0 ],
					"FONT::FOC::pwmfire" : [ 0.5 ],
					"FONT::FOC::focon" : [ 0 ],
					"FONT::HUE_DimmC::rgbfade1" : [ 0.47732, 1.0, 0.252157, 1.0, 0.283153, 1.0, 0.626078 ],
					"FONT::HUE_DimmC::beatsrot" : [ 4.0 ],
					"FONT::HUE_DimmC::rotlfoon" : [ 0 ],
					"FONT::HUE_DimmC::q" : [ 0 ],
					"FONT::HUE_DimmC::hueval" : [ 0.0 ],
					"FONT::HUE_DimmC::rgbfade2" : [ 0.029934, 1.0, 0.188942, 1.0, 0.360652, 1.0, 0.514967 ],
					"FONT::12colors_bp::col1" : [ 0.984097, 0.0, 0.0, 1.0, 0.0, 1.0, 0.492049 ],
					"FONT::12colors_bp::col2" : [ 1.0, 0.023831, 0.001362, 1.0, 0.00375, 1.0, 0.500681 ],
					"FONT::12colors_bp::colmix" : [ 0.0 ],
					"FONT::12colors_bp::hue" : [ 0.0 ],
					"FONT::12colors_bp::linear_rad" : [ 1 ],
					"FONT::12colors_bp::colorshift" : [ 0 ],
					"FONT::12colors_bp::beatshift" : [ 4.0 ],
					"FONT::12colors_bp::shiftlfoon" : [ 0 ],
					"FONT::12colors_bp::beathue" : [ 4.0 ],
					"FONT::12colors_bp::huelfoon" : [ 0 ],
					"FONT::12colors_bp::colormode" : [ 0 ],
					"FONT::12colors_bp::jpgfile" : [ 12 ],
					"FONT::12colors_bp::shifton" : [ 0 ],
					"FONT::12colors_bp::shiftempol" : [ 4.0 ],
					"FONT::12colors_bp::12COLOR-PTR" : [ -1 ],
					"FONT::12colors_bp::tensionaudio" : [ 1.0 ],
					"FONT::12colors_bp::clipaudio" : [ 1.0 ],
					"FONT::12colors_bp::useaudio" : [ 0 ],
					"FONT::12colors_bp::gradient_picker_1::r" : [ 255 ],
					"FONT::12colors_bp::gradient_picker_1::g" : [ 5 ],
					"FONT::12colors_bp::gradient_picker_1::b" : [ 0 ],
					"FONT::12colors_bp::gradient_picker_2::r" : [ 255 ],
					"FONT::12colors_bp::gradient_picker_2::g" : [ 5 ],
					"FONT::12colors_bp::gradient_picker_2::b" : [ 0 ]
				}

			}

		}

	}

}
