{
	"pattrstorage" : 	{
		"name" : "u816004325",
		"slots" : 		{
			"1" : 			{
				"id" : 1,
				"data" : 				{
					"jsonfile" : [ 4 ],
					"FONT::velocity" : [ 254 ],
					"FONT::deltadelayfonts" : [ 160 ],
					"FONT::Pressio-LFOs::wave" : [ 0 ],
					"FONT::Pressio-LFOs::phr" : [ 40.0 ],
					"FONT::Pressio-LFOs::phq" : [ 0 ],
					"FONT::Pressio-LFOs::phm" : [ 40 ],
					"FONT::Pressio-LFOs::pow" : [ 1.0 ],
					"FONT::Pressio-LFOs::Q" : [ 0 ],
					"FONT::Pressio-LFOs::easing" : [ 1.0 ],
					"FONT::Pressio-LFOs::scale" : [ 1.0 ],
					"FONT::Pressio-LFOs::offs" : [ 0.0 ],
					"FONT::Pressio-LFOs::rot" : [ 0 ],
					"FONT::Pressio-LFOs::tension" : [ 1.0 ],
					"FONT::Pressio-LFOs::lfo_on" : [ 1 ],
					"FONT::Pressio-LFOs::index" : [ 1, 2, 3, 4, 5, 6, 7, 8, 9, 10, 11, 12, 13, 14, 15, 16, 17, 18, 19, 20, 21, 22, 23, 24, 25, 26, 27, 28, 29, 30, 31, 32, 33, 34, 35, 36, 37, 38, 39, 40 ],
					"FONT::Pressio-LFOs::invert" : [ 0, 0, 0, 0, 0, 0, 0, 0, 0, 0, 0, 0, 0, 0, 0, 0, 0, 0, 0, 0, 0, 0, 0, 0, 0, 0, 0, 0, 0, 0, 0, 0, 0, 0, 0, 0, 0, 0, 0, 0 ],
					"FONT::Pressio-LFOs::amp" : [ 1.0, 1.0, 1.0, 1.0, 1.0, 1.0, 1.0, 1.0, 1.0, 1.0, 1.0, 1.0, 1.0, 1.0, 1.0, 1.0, 1.0, 1.0, 1.0, 1.0, 1.0, 1.0, 1.0, 1.0, 1.0, 1.0, 1.0, 1.0, 1.0, 1.0, 1.0, 1.0, 1.0, 1.0, 1.0, 1.0, 1.0, 1.0, 1.0, 1.0 ],
					"FONT::Pressio-LFOs::beatsrot" : [ 4.0 ],
					"FONT::Pressio-LFOs::rotlfoon" : [ 0 ],
					"FONT::Pressio-LFOs::loop" : [ 1 ],
					"FONT::Pressio-LFOs::beats" : [ 2.0 ],
					"FONT::Pressio-LFOs::phs" : [ 1.0 ],
					"FONT::Pressio-LFOs::bounce" : [ 0 ],
					"FONT::Pressio-LFOs::clipping" : [ 1.0 ],
					"FONT::Pressio-LFOs::waveform" : [ 0.264101, 0.33597, 0.411878, 0.489956, 0.568281, 0.644925, 0.718, 0.785708, 0.84638, 0.898523, 0.940853, 0.972329, 0.992173, 0.999899, 0.995316, 0.978536, 0.949973, 0.910331, 0.860584, 0.801959, 0.735899, 0.66403, 0.588122, 0.510044, 0.431719, 0.355075, 0.282, 0.214293, 0.15362, 0.101477, 0.059147, 0.027671, 0.007827, 0.000101, 0.004684, 0.021464, 0.050027, 0.089669, 0.139416, 0.198041 ],
					"FONT::Angle-LFOs::wave" : [ 3 ],
					"FONT::Angle-LFOs::phr" : [ 40.0 ],
					"FONT::Angle-LFOs::phq" : [ 0 ],
					"FONT::Angle-LFOs::phm" : [ 40 ],
					"FONT::Angle-LFOs::pow" : [ 0.5 ],
					"FONT::Angle-LFOs::Q" : [ 0 ],
					"FONT::Angle-LFOs::easing" : [ 0.0 ],
					"FONT::Angle-LFOs::scale" : [ 1.0 ],
					"FONT::Angle-LFOs::offs" : [ 0.0 ],
					"FONT::Angle-LFOs::rot" : [ 0 ],
					"FONT::Angle-LFOs::lfo_on" : [ 0 ],
					"FONT::Angle-LFOs::index" : [ 1, 2, 3, 4, 5, 6, 7, 8, 9, 10, 11, 12, 13, 14, 15, 16, 17, 18, 19, 20, 21, 22, 23, 24, 25, 26, 27, 28, 29, 30, 31, 32, 33, 34, 35, 36, 37, 38, 39, 40 ],
					"FONT::Angle-LFOs::invert" : [ 0, 0, 0, 0, 0, 0, 0, 0, 0, 0, 0, 0, 0, 0, 0, 0, 0, 0, 0, 0, 0, 0, 0, 0, 0, 0, 0, 0, 0, 0, 0, 0, 0, 0, 0, 0, 0, 0, 0, 0 ],
					"FONT::Angle-LFOs::amp" : [ 1.0, 1.0, 1.0, 1.0, 1.0, 1.0, 1.0, 1.0, 1.0, 1.0, 1.0, 1.0, 1.0, 1.0, 1.0, 1.0, 1.0, 1.0, 1.0, 1.0, 1.0, 1.0, 1.0, 1.0, 1.0, 1.0, 1.0, 1.0, 1.0, 1.0, 1.0, 1.0, 1.0, 1.0, 1.0, 1.0, 1.0, 1.0, 1.0, 1.0 ],
					"FONT::Angle-LFOs::beatsrot" : [ 4.0 ],
					"FONT::Angle-LFOs::rotlfoon" : [ 0 ],
					"FONT::Angle-LFOs::loop" : [ 1 ],
					"FONT::Angle-LFOs::beats" : [ 2.0 ],
					"FONT::Angle-LFOs::phs" : [ 1.62 ],
					"FONT::Angle-LFOs::bounce" : [ 0 ],
					"FONT::Angle-LFOs::clipping" : [ 1.0 ],
					"FONT::Angle-LFOs::waveform" : [ 0.0, 1.0, 1.0, 0.0, 0.0, 1.0, 1.0, 0.0, 0.0, 1.0, 1.0, 0.0, 0.0, 1.0, 1.0, 0.0, 0.0, 1.0, 1.0, 0.0, 0.0, 1.0, 1.0, 0.0, 0.0, 1.0, 1.0, 0.0, 0.0, 1.0, 1.0, 0.0, 0.0, 1.0, 1.0, 0.0, 0.0, 1.0, 1.0, 0.0 ],
					"FONT::Color40::col1" : [ 1.0, 0.087545, 0.087545, 1.0, 0.0, 1.0, 0.543773 ],
					"FONT::Color40::col2" : [ 0.041067, 0.0, 0.966274, 1.0, 0.67375, 1.0, 0.483137 ],
					"FONT::Color40::colmix" : [ 0.0 ],
					"FONT::Color40::hue" : [ 0.0 ],
					"FONT::Color40::linear_rad" : [ 1 ],
					"FONT::Color40::colorshift" : [ 160 ],
					"FONT::Color40::beatshift" : [ 4.0 ],
					"FONT::Color40::shiftlfoon" : [ 0 ],
					"FONT::Color40::beathue" : [ 4.0 ],
					"FONT::Color40::huelfoon" : [ 0 ],
					"FONT::Color40::colormode" : [ 0 ],
					"FONT::Color40::jpgfile" : [ 0 ],
					"FONT::Color40::shifton" : [ 0 ],
					"FONT::Color40::shiftempol" : [ 4.0 ],
					"FONT::Color40::tensionaudio" : [ 1.0 ],
					"FONT::Color40::clipaudio" : [ 2.0 ],
					"FONT::Color40::useaudio" : [ 0 ],
					"FONT::Color40::gradient_picker_1::r" : [ 1 ],
					"FONT::Color40::gradient_picker_1::g" : [ 1 ],
					"FONT::Color40::gradient_picker_1::b" : [ 1 ],
					"FONT::Color40::gradient_picker_2::r" : [ 1 ],
					"FONT::Color40::gradient_picker_2::g" : [ 1 ],
					"FONT::Color40::gradient_picker_2::b" : [ 1 ],
					"FONT::Dimm_C_1OSC::wave" : [ 0 ],
					"FONT::Dimm_C_1OSC::pow" : [ 1.0 ],
					"FONT::Dimm_C_1OSC::Q" : [ 0 ],
					"FONT::Dimm_C_1OSC::easing" : [ 1.0 ],
					"FONT::Dimm_C_1OSC::scale" : [ 1.0 ],
					"FONT::Dimm_C_1OSC::offs" : [ 0.0 ],
					"FONT::Dimm_C_1OSC::tension" : [ 1.0 ],
					"FONT::Dimm_C_1OSC::lfo_on" : [ 0 ],
					"FONT::Dimm_C_1OSC::waveform" : [ 0.095827 ],
					"FONT::Dimm_C_1OSC::invert" : [ 1 ],
					"FONT::Dimm_C_1OSC::loop" : [ 1 ],
					"FONT::Dimm_C_1OSC::beats" : [ -4.0 ],
					"FONT::Dimm_C_1OSC::phs" : [ 0.0 ],
					"FONT::Dimm_C_1OSC::bounce" : [ 0 ],
					"FONT::Dimm_C_1OSC::clipping" : [ 1.0 ],
					"FONT::Press_C_1OSC::wave" : [ 0 ],
					"FONT::Press_C_1OSC::pow" : [ 1.0 ],
					"FONT::Press_C_1OSC::Q" : [ 0 ],
					"FONT::Press_C_1OSC::easing" : [ 1.0 ],
					"FONT::Press_C_1OSC::scale" : [ 1.0 ],
					"FONT::Press_C_1OSC::offs" : [ 0.0 ],
					"FONT::Press_C_1OSC::tension" : [ 1.0 ],
					"FONT::Press_C_1OSC::lfo_on" : [ 0 ],
					"FONT::Press_C_1OSC::waveform" : [ 0.095827 ],
					"FONT::Press_C_1OSC::invert" : [ 1 ],
					"FONT::Press_C_1OSC::loop" : [ 1 ],
					"FONT::Press_C_1OSC::beats" : [ -4.0 ],
					"FONT::Press_C_1OSC::phs" : [ 0.0 ],
					"FONT::Press_C_1OSC::bounce" : [ 0 ],
					"FONT::Press_C_1OSC::clipping" : [ 1.0 ],
					"FONT::FOC::beats" : [ 8.0 ],
					"FONT::FOC::pwmfire" : [ 0.5 ],
					"FONT::FOC::focon" : [ 0 ],
					"FONT::HUE_DimmC::rgbfade1" : [ 0.47732, 1.0, 0.252157, 1.0, 0.283153, 1.0, 0.626078 ],
					"FONT::HUE_DimmC::beatsrot" : [ 4.0 ],
					"FONT::HUE_DimmC::rotlfoon" : [ 0 ],
					"FONT::HUE_DimmC::q" : [ 0 ],
					"FONT::HUE_DimmC::hueval" : [ 0.0 ],
					"FONT::HUE_DimmC::rgbfade2" : [ 0.029934, 1.0, 0.188942, 1.0, 0.360652, 1.0, 0.514967 ],
					"FONT::12colors_bp::col1" : [ 0.984097, 0.0, 0.0, 1.0, 0.0, 1.0, 0.492049 ],
					"FONT::12colors_bp::col2" : [ 1.0, 0.023831, 0.001362, 1.0, 0.00375, 1.0, 0.500681 ],
					"FONT::12colors_bp::colmix" : [ 0.0 ],
					"FONT::12colors_bp::hue" : [ 0.0 ],
					"FONT::12colors_bp::linear_rad" : [ 1 ],
					"FONT::12colors_bp::colorshift" : [ 0 ],
					"FONT::12colors_bp::beatshift" : [ 4.0 ],
					"FONT::12colors_bp::shiftlfoon" : [ 0 ],
					"FONT::12colors_bp::beathue" : [ 4.0 ],
					"FONT::12colors_bp::huelfoon" : [ 0 ],
					"FONT::12colors_bp::colormode" : [ 0 ],
					"FONT::12colors_bp::jpgfile" : [ 12 ],
					"FONT::12colors_bp::shifton" : [ 0 ],
					"FONT::12colors_bp::shiftempol" : [ 4.0 ],
					"FONT::12colors_bp::12COLOR-PTR" : [ -1 ],
					"FONT::12colors_bp::tensionaudio" : [ 1.0 ],
					"FONT::12colors_bp::clipaudio" : [ 1.0 ],
					"FONT::12colors_bp::useaudio" : [ 0 ],
					"FONT::12colors_bp::gradient_picker_1::r" : [ 255 ],
					"FONT::12colors_bp::gradient_picker_1::g" : [ 5 ],
					"FONT::12colors_bp::gradient_picker_1::b" : [ 0 ],
					"FONT::12colors_bp::gradient_picker_2::r" : [ 255 ],
					"FONT::12colors_bp::gradient_picker_2::g" : [ 5 ],
					"FONT::12colors_bp::gradient_picker_2::b" : [ 0 ]
				}

			}

		}

	}

}
